Id,Loss
0,26.572839736938477
1,24.189926147460938
2,104.1280746459961
3,54.74400329589844
4,54.417022705078125
