Id,Loss
0,26.5192928314209
1,23.671785354614258
2,102.96997833251953
3,54.4693489074707
4,53.50010299682617
