Id,Loss
0,26.53168296813965
1,24.534954071044922
2,109.06737518310547
3,54.72831726074219
4,53.14894104003906
