Id,Loss
0,30.349510192871094
1,35.6715087890625
2,162.56048583984375
3,58.03953170776367
4,73.49905395507812
