Id,Loss
0,27.348861694335938
1,28.205148696899414
2,127.51681518554688
3,55.801231384277344
4,57.383216857910156
