Id,Loss
0,135.15509033203125
1,149.6803436279297
2,270.4539794921875
3,163.63394165039062
4,154.1646270751953
