Id,Loss
0,26.578750610351562
1,23.3857421875
2,105.42969512939453
3,54.205284118652344
4,52.5036735534668
