Id,Loss
0,26.639915466308594
1,25.043561935424805
2,110.56987762451172
3,54.8239860534668
4,54.89155960083008
