Id,Loss
0,42.09572982788086
1,72.3489990234375
2,293.507568359375
3,69.67057037353516
4,106.56681060791016
