Id,Loss
0,26.625083923339844
1,24.237918853759766
2,103.98553466796875
3,54.42512130737305
4,53.29143142700195
