Id,Loss
0,26.724525451660156
1,24.613554000854492
2,106.9178237915039
3,54.81819534301758
4,53.032127380371094
