Id,Loss
0,27.839548110961914
1,30.370216369628906
2,146.71087646484375
3,56.49838638305664
4,62.12790298461914
