Id,Loss
0,26.5720272064209
1,24.96426773071289
2,112.73643493652344
3,55.067108154296875
4,55.63730239868164
