Id,Loss
0,26.20566177368164
1,25.144128799438477
2,117.6855239868164
3,54.863929748535156
4,55.0202751159668
