Id,Loss
0,27.028417587280273
1,28.709293365478516
2,135.50071716308594
3,56.34187316894531
4,60.772247314453125
